{"cameraMode":{"drawMode":0,"name":"Shaded","section":"Shading Mode"},"sceneLighting":false,"audioPlay":false,"sceneViewState":{"showFog":false,"showMaterialUpdate":false,"showSkybox":false,"showFlares":false,"showImageEffects":false,"showParticleSystems":false},"in2DMode":false,"pivot":{"x":-342.5790100097656,"y":9.485099792480469,"z":-360.3187255859375},"rotation":{"x":-0.32370874285697939,"y":0.4022296965122223,"z":-0.15457643568515778,"w":-0.8423360586166382},"size":38.969810485839847,"orthographic":false}