{"cameraMode":{"drawMode":0,"name":"Shaded","section":"Shading Mode"},"sceneLighting":false,"audioPlay":false,"sceneViewState":{"showFog":true,"showMaterialUpdate":true,"showSkybox":true,"showFlares":true,"showImageEffects":true,"showParticleSystems":true},"in2DMode":false,"pivot":{"x":-14.597166061401368,"y":2.9297564029693605,"z":0.2787613868713379},"rotation":{"x":-0.049500226974487308,"y":-0.79514479637146,"z":-0.06550861150026322,"w":0.6008353233337402},"size":12.833474159240723,"orthographic":false}