{"cameraMode":{"drawMode":0,"name":"Shaded","section":"Shading Mode"},"sceneLighting":false,"audioPlay":false,"sceneViewState":{"showFog":true,"showMaterialUpdate":true,"showSkybox":true,"showFlares":true,"showImageEffects":true,"showParticleSystems":true},"in2DMode":false,"pivot":{"x":-342.8699951171875,"y":9.52750015258789,"z":-352.0799865722656},"rotation":{"x":0.1715814173221588,"y":-0.25309279561042788,"z":0.045663073658943179,"w":0.9510093927383423},"size":2.041088104248047,"orthographic":false}