{"cameraMode":{"drawMode":0,"name":"Shaded","section":"Shading Mode"},"sceneLighting":false,"audioPlay":false,"sceneViewState":{"showFog":true,"showMaterialUpdate":true,"showSkybox":true,"showFlares":true,"showImageEffects":true,"showParticleSystems":true},"in2DMode":false,"pivot":{"x":-2.0132577419281008,"y":0.4525172710418701,"z":0.40029019117355349},"rotation":{"x":-0.06378604471683502,"y":-0.7891058921813965,"z":-0.08316224813461304,"w":0.6052497625350952},"size":2.46795392036438,"orthographic":false}