{"cameraMode":{"drawMode":0,"name":"Shaded","section":"Shading Mode"},"sceneLighting":false,"audioPlay":false,"sceneViewState":{"showFog":true,"showMaterialUpdate":true,"showSkybox":true,"showFlares":true,"showImageEffects":true,"showParticleSystems":true},"in2DMode":false,"pivot":{"x":-358.8900146484375,"y":12.14799976348877,"z":-354.48486328125},"rotation":{"x":0.15051741898059846,"y":-0.15501739084720612,"z":0.023904481902718545,"w":0.9760854244232178},"size":5.864311695098877,"orthographic":false}