{"cameraMode":{"drawMode":0,"name":"Shaded","section":"Shading Mode"},"sceneLighting":false,"audioPlay":false,"sceneViewState":{"showFog":true,"showMaterialUpdate":true,"showSkybox":true,"showFlares":true,"showImageEffects":true,"showParticleSystems":true},"in2DMode":false,"pivot":{"x":-0.5277748703956604,"y":0.8728370070457459,"z":0.3995952606201172},"rotation":{"x":0.3453920781612396,"y":-0.3438921272754669,"z":0.1377539038658142,"w":0.8622450232505798},"size":1.8699947595596314,"orthographic":false}