{"cameraMode":{"drawMode":0,"name":"Shaded","section":"Shading Mode"},"sceneLighting":false,"audioPlay":false,"sceneViewState":{"showFog":true,"showMaterialUpdate":true,"showSkybox":true,"showFlares":true,"showImageEffects":true,"showParticleSystems":true},"in2DMode":false,"pivot":{"x":-375.70172119140627,"y":7.4470367431640629,"z":-359.8157043457031},"rotation":{"x":0.002106334548443556,"y":-0.9929677248001099,"z":0.017875026911497117,"w":0.11700934916734696},"size":6.835900783538818,"orthographic":false}