{"cameraMode":{"drawMode":0,"name":"Shaded","section":"Shading Mode"},"sceneLighting":false,"audioPlay":false,"sceneViewState":{"showFog":true,"showMaterialUpdate":true,"showSkybox":true,"showFlares":true,"showImageEffects":true,"showParticleSystems":true},"in2DMode":false,"pivot":{"x":-361.1648864746094,"y":7.480672359466553,"z":-357.8448486328125},"rotation":{"x":-0.005860800854861736,"y":-0.8296719193458557,"z":-0.0087119210511446,"w":0.5581526756286621},"size":7.419821262359619,"orthographic":false}