{"cameraMode":{"drawMode":0,"name":"Shaded","section":"Shading Mode"},"sceneLighting":false,"audioPlay":false,"sceneViewState":{"showFog":true,"showMaterialUpdate":true,"showSkybox":true,"showFlares":true,"showImageEffects":true,"showParticleSystems":true},"in2DMode":false,"pivot":{"x":-356.3044128417969,"y":13.846765518188477,"z":-351.8827209472656},"rotation":{"x":0.04817397519946098,"y":-0.9494049549102783,"z":0.25144243240356448,"w":0.18189628422260285},"size":2.5313282012939455,"orthographic":false}