{"cameraMode":{"drawMode":0,"name":"Shaded","section":"Shading Mode"},"sceneLighting":false,"audioPlay":false,"sceneViewState":{"showFog":false,"showMaterialUpdate":false,"showSkybox":false,"showFlares":false,"showImageEffects":false,"showParticleSystems":false},"in2DMode":false,"pivot":{"x":-2.595172643661499,"y":1.0334727764129639,"z":1.0183942317962647},"rotation":{"x":-0.0011438742512837053,"y":-0.6468902230262756,"z":-0.0009703412652015686,"w":0.7625816464424133},"size":7.172023773193359,"orthographic":false}