{"cameraMode":{"drawMode":0,"name":"Shaded","section":"Shading Mode"},"sceneLighting":false,"audioPlay":false,"sceneViewState":{"showFog":true,"showMaterialUpdate":true,"showSkybox":true,"showFlares":true,"showImageEffects":true,"showParticleSystems":true},"in2DMode":false,"pivot":{"x":-1.1823934316635132,"y":0.5716214179992676,"z":-2.141714334487915},"rotation":{"x":0.10498008131980896,"y":-0.8914682269096375,"z":0.35090595483779909,"w":0.2666996419429779},"size":3.1267738342285158,"orthographic":false}