{"cameraMode":{"drawMode":0,"name":"Shaded","section":"Shading Mode"},"sceneLighting":false,"audioPlay":false,"sceneViewState":{"showFog":true,"showMaterialUpdate":true,"showSkybox":true,"showFlares":true,"showImageEffects":true,"showParticleSystems":true},"in2DMode":false,"pivot":{"x":-353.8917541503906,"y":8.323284149169922,"z":-354.18597412109377},"rotation":{"x":0.18782971799373628,"y":0.021508730947971345,"z":-0.004114162642508745,"w":0.9819575548171997},"size":4.684661865234375,"orthographic":false}