{"cameraMode":{"drawMode":0,"name":"Shaded","section":"Shading Mode"},"sceneLighting":false,"audioPlay":false,"sceneViewState":{"showFog":true,"showMaterialUpdate":true,"showSkybox":true,"showFlares":true,"showImageEffects":true,"showParticleSystems":true},"in2DMode":false,"pivot":{"x":-1.7956581115722657,"y":0.5276092886924744,"z":-1.090806245803833},"rotation":{"x":-0.12904296815395356,"y":0.5862911939620972,"z":-0.09527839720249176,"w":-0.7940608263015747},"size":2.986818790435791,"orthographic":false}