{"cameraMode":{"drawMode":0,"name":"Shaded","section":"Shading Mode"},"sceneLighting":false,"audioPlay":false,"sceneViewState":{"showFog":true,"showMaterialUpdate":true,"showSkybox":true,"showFlares":true,"showImageEffects":true,"showParticleSystems":true},"in2DMode":false,"pivot":{"x":-0.2579077482223511,"y":-0.18540287017822267,"z":0.5647529363632202},"rotation":{"x":0.025564044713974,"y":-0.5228782296180725,"z":0.015691030770540239,"w":0.8518794775009155},"size":2.0410873889923097,"orthographic":false}