{"cameraMode":{"drawMode":0,"name":"Shaded","section":"Shading Mode"},"sceneLighting":false,"audioPlay":false,"sceneViewState":{"showFog":true,"showMaterialUpdate":true,"showSkybox":true,"showFlares":true,"showImageEffects":true,"showParticleSystems":true},"in2DMode":false,"pivot":{"x":-0.0000152587890625,"y":0.051499366760253909,"z":0.6653923988342285},"rotation":{"x":0.21348218619823457,"y":-0.6890438795089722,"z":0.224522665143013,"w":0.6551591157913208},"size":6.047628402709961,"orthographic":false}