{"cameraMode":{"drawMode":0,"name":"Shaded","section":"Shading Mode"},"sceneLighting":false,"audioPlay":false,"sceneViewState":{"showFog":true,"showMaterialUpdate":true,"showSkybox":true,"showFlares":true,"showImageEffects":true,"showParticleSystems":true},"in2DMode":false,"pivot":{"x":-352.7023620605469,"y":9.12855339050293,"z":-352.8224182128906},"rotation":{"x":0.10498008131980896,"y":-0.8914682269096375,"z":0.35090595483779909,"w":0.2666996419429779},"size":3.057620048522949,"orthographic":false}