{"cameraMode":{"drawMode":0,"name":"Shaded","section":"Shading Mode"},"sceneLighting":false,"audioPlay":false,"sceneViewState":{"showFog":true,"showMaterialUpdate":true,"showSkybox":true,"showFlares":true,"showImageEffects":true,"showParticleSystems":true},"in2DMode":false,"pivot":{"x":0.33196958899497988,"y":0.31928932666778567,"z":0.0668991208076477},"rotation":{"x":0.3589794933795929,"y":-0.16668660938739777,"z":0.06532341241836548,"w":0.9160142540931702},"size":1.879042625427246,"orthographic":true}