{"cameraMode":{"drawMode":0,"name":"Shaded","section":"Shading Mode"},"sceneLighting":false,"audioPlay":false,"sceneViewState":{"showFog":true,"showMaterialUpdate":true,"showSkybox":true,"showFlares":true,"showImageEffects":true,"showParticleSystems":true},"in2DMode":false,"pivot":{"x":-349.5610656738281,"y":14.246413230895996,"z":-354.4849853515625},"rotation":{"x":0.2577195167541504,"y":0.19685865938663484,"z":-0.053719889372587207,"w":0.9444265365600586},"size":36.143272399902347,"orthographic":false}