{"cameraMode":{"drawMode":0,"name":"Shaded","section":"Shading Mode"},"sceneLighting":false,"audioPlay":false,"sceneViewState":{"showFog":true,"showMaterialUpdate":true,"showSkybox":true,"showFlares":true,"showImageEffects":true,"showParticleSystems":true},"in2DMode":false,"pivot":{"x":-362.612548828125,"y":7.517566680908203,"z":-360.6503601074219},"rotation":{"x":0.00807344913482666,"y":-0.9100813865661621,"z":0.017748843878507615,"w":0.4139706790447235},"size":4.86290168762207,"orthographic":false}