{"cameraMode":{"drawMode":0,"name":"Shaded","section":"Shading Mode"},"sceneLighting":false,"audioPlay":false,"sceneViewState":{"showFog":true,"showMaterialUpdate":true,"showSkybox":true,"showFlares":true,"showImageEffects":true,"showParticleSystems":true},"in2DMode":false,"pivot":{"x":-408.9725646972656,"y":-8.67420768737793,"z":-381.847900390625},"rotation":{"x":0.08756877481937409,"y":-0.9036526083946228,"z":0.35507363080978396,"w":0.22285975515842439},"size":65.86528778076172,"orthographic":false}