{"cameraMode":{"drawMode":0,"name":"Shaded","section":"Shading Mode"},"sceneLighting":false,"audioPlay":false,"sceneViewState":{"showFog":true,"showMaterialUpdate":true,"showSkybox":true,"showFlares":true,"showImageEffects":true,"showParticleSystems":true},"in2DMode":false,"pivot":{"x":-364.62396240234377,"y":7.293759346008301,"z":-358.87677001953127},"rotation":{"x":0.0008215605048462749,"y":-0.9394397139549255,"z":0.0022529293783009054,"w":0.3427058458328247},"size":7.678062438964844,"orthographic":false}