{"cameraMode":{"drawMode":0,"name":"Shaded","section":"Shading Mode"},"sceneLighting":false,"audioPlay":false,"sceneViewState":{"showFog":true,"showMaterialUpdate":true,"showSkybox":true,"showFlares":true,"showImageEffects":true,"showParticleSystems":true},"in2DMode":false,"pivot":{"x":-0.0000152587890625,"y":0.051499366760253909,"z":0.6653923988342285},"rotation":{"x":0.10498008131980896,"y":-0.8914682269096375,"z":0.35090595483779909,"w":0.2666996419429779},"size":6.047628402709961,"orthographic":false}