{"cameraMode":{"drawMode":0,"name":"Shaded","section":"Shading Mode"},"sceneLighting":false,"audioPlay":false,"sceneViewState":{"showFog":true,"showMaterialUpdate":true,"showSkybox":true,"showFlares":true,"showImageEffects":true,"showParticleSystems":true},"in2DMode":false,"pivot":{"x":-352.4100646972656,"y":9.702386856079102,"z":-353.6542053222656},"rotation":{"x":0.10498008131980896,"y":-0.8914682269096375,"z":0.35090595483779909,"w":0.2666996419429779},"size":4.57092809677124,"orthographic":false}