{"cameraMode":{"drawMode":0,"name":"Shaded","section":"Shading Mode"},"sceneLighting":false,"audioPlay":false,"sceneViewState":{"showFog":true,"showMaterialUpdate":true,"showSkybox":true,"showFlares":true,"showImageEffects":true,"showParticleSystems":true},"in2DMode":false,"pivot":{"x":-0.3013133406639099,"y":0.7010164260864258,"z":1.0252286195755005},"rotation":{"x":0.16265679895877839,"y":-0.13715946674346925,"z":0.02283887378871441,"w":0.9768359661102295},"size":2.3334522247314455,"orthographic":false}