{"cameraMode":{"drawMode":0,"name":"Shaded","section":"Shading Mode"},"sceneLighting":false,"audioPlay":false,"sceneViewState":{"showFog":true,"showMaterialUpdate":true,"showSkybox":true,"showFlares":true,"showImageEffects":true,"showParticleSystems":true},"in2DMode":false,"pivot":{"x":-2.1395673751831056,"y":0.49633288383483889,"z":-1.842822790145874},"rotation":{"x":-0.2570596933364868,"y":0.4041261076927185,"z":-0.1194521114230156,"w":-0.8696744441986084},"size":3.1267738342285158,"orthographic":false}