{"cameraMode":{"drawMode":0,"name":"Shaded","section":"Shading Mode"},"sceneLighting":false,"audioPlay":false,"sceneViewState":{"showFog":false,"showMaterialUpdate":false,"showSkybox":false,"showFlares":false,"showImageEffects":false,"showParticleSystems":false},"in2DMode":false,"pivot":{"x":72.34605407714844,"y":157.9736328125,"z":67.59896850585938},"rotation":{"x":0.03553001955151558,"y":0.15970835089683534,"z":-0.0057520498521625999,"w":0.9865078926086426},"size":680.4449462890625,"orthographic":false}