{"cameraMode":{"drawMode":0,"name":"Shaded","section":"Shading Mode"},"sceneLighting":false,"audioPlay":false,"sceneViewState":{"showFog":true,"showMaterialUpdate":true,"showSkybox":true,"showFlares":true,"showImageEffects":true,"showParticleSystems":true},"in2DMode":false,"pivot":{"x":-0.0458737351000309,"y":0.20615370571613313,"z":0.6507459878921509},"rotation":{"x":0.10645762830972672,"y":-0.3804101049900055,"z":0.044133782386779788,"w":0.9176095128059387},"size":2.746893882751465,"orthographic":false}