{"cameraMode":{"drawMode":0,"name":"Shaded","section":"Shading Mode"},"sceneLighting":false,"audioPlay":false,"sceneViewState":{"showFog":true,"showMaterialUpdate":true,"showSkybox":true,"showFlares":true,"showImageEffects":true,"showParticleSystems":true},"in2DMode":false,"pivot":{"x":-2.9802322387695315e-8,"y":0.6192075610160828,"z":-0.0011089444160461426},"rotation":{"x":-0.01796976663172245,"y":-0.05696003884077072,"z":-0.001025385339744389,"w":0.9982142448425293},"size":2.746893882751465,"orthographic":false}