{"cameraMode":{"drawMode":0,"name":"Shaded","section":"Shading Mode"},"sceneLighting":false,"audioPlay":false,"sceneViewState":{"showFog":true,"showMaterialUpdate":true,"showSkybox":true,"showFlares":true,"showImageEffects":true,"showParticleSystems":true},"in2DMode":false,"pivot":{"x":-339.94000244140627,"y":9.78499984741211,"z":-351.3699951171875},"rotation":{"x":0.15051741898059846,"y":-0.15501739084720612,"z":0.023904481902718545,"w":0.9760854244232178},"size":4.082174301147461,"orthographic":false}