{"cameraMode":{"drawMode":0,"name":"Shaded","section":"Shading Mode"},"sceneLighting":false,"audioPlay":false,"sceneViewState":{"showFog":true,"showMaterialUpdate":true,"showSkybox":true,"showFlares":true,"showImageEffects":true,"showParticleSystems":true},"in2DMode":false,"pivot":{"x":-366.23480224609377,"y":7.4470367431640629,"z":-357.85272216796877},"rotation":{"x":-0.05304577201604843,"y":-0.834504246711731,"z":-0.08162304013967514,"w":0.5423343777656555},"size":6.835900783538818,"orthographic":false}