{"cameraMode":{"drawMode":0,"name":"Shaded","section":"Shading Mode"},"sceneLighting":false,"audioPlay":false,"sceneViewState":{"showFog":false,"showMaterialUpdate":false,"showSkybox":false,"showFlares":false,"showImageEffects":false,"showParticleSystems":false},"in2DMode":false,"pivot":{"x":3.3121557235717775,"y":1.4529204368591309,"z":-3.609663486480713},"rotation":{"x":0.30968010425567629,"y":-0.11797593533992768,"z":0.0387556329369545,"w":0.9426971673965454},"size":1.8827749490737916,"orthographic":true}