{"cameraMode":{"drawMode":0,"name":"Shaded","section":"Shading Mode"},"sceneLighting":false,"audioPlay":false,"sceneViewState":{"showFog":true,"showMaterialUpdate":true,"showSkybox":true,"showFlares":true,"showImageEffects":true,"showParticleSystems":true},"in2DMode":false,"pivot":{"x":-1.2491099834442139,"y":1.500187873840332,"z":-2.12136173248291},"rotation":{"x":0.13898584246635438,"y":0.8124596476554871,"z":0.2156970500946045,"w":-0.5235140323638916},"size":3.5868186950683595,"orthographic":false}