{"cameraMode":{"drawMode":0,"name":"Shaded","section":"Shading Mode"},"sceneLighting":false,"audioPlay":false,"sceneViewState":{"showFog":true,"showMaterialUpdate":true,"showSkybox":true,"showFlares":true,"showImageEffects":true,"showParticleSystems":true},"in2DMode":false,"pivot":{"x":-0.34675079584121706,"y":0.3582143783569336,"z":0.3090524673461914},"rotation":{"x":0.4187222719192505,"y":-0.21966274082660676,"z":0.10513509809970856,"w":0.8748523592948914},"size":1.0099401473999024,"orthographic":false}