{"cameraMode":{"drawMode":0,"name":"Shaded","section":"Shading Mode"},"sceneLighting":false,"audioPlay":false,"sceneViewState":{"showFog":true,"showMaterialUpdate":true,"showSkybox":true,"showFlares":true,"showImageEffects":true,"showParticleSystems":true},"in2DMode":false,"pivot":{"x":-0.8626374006271362,"y":1.267679214477539,"z":0.5139442682266235},"rotation":{"x":0.1974308341741562,"y":-0.40735751390457156,"z":0.09066549688577652,"w":0.8870517015457153},"size":1.8699947595596314,"orthographic":false}