{"cameraMode":{"drawMode":0,"name":"Shaded","section":"Shading Mode"},"sceneLighting":false,"audioPlay":false,"sceneViewState":{"showFog":true,"showMaterialUpdate":true,"showSkybox":true,"showFlares":true,"showImageEffects":true,"showParticleSystems":true},"in2DMode":false,"pivot":{"x":-3.379028797149658,"y":1.1479814052581788,"z":-3.653054714202881},"rotation":{"x":0.39645734429359438,"y":-0.46001604199409487,"z":0.24089333415031434,"w":0.7570847272872925},"size":6.360836505889893,"orthographic":false}