{"cameraMode":{"drawMode":0,"name":"Shaded","section":"Shading Mode"},"sceneLighting":false,"audioPlay":false,"sceneViewState":{"showFog":true,"showMaterialUpdate":true,"showSkybox":true,"showFlares":true,"showImageEffects":true,"showParticleSystems":true},"in2DMode":false,"pivot":{"x":-0.9618952870368958,"y":-0.32478535175323489,"z":-3.169058084487915},"rotation":{"x":0.004397107753902674,"y":-0.9265470504760742,"z":0.3759971559047699,"w":0.010835797525942326},"size":3.4267737865448,"orthographic":false}