{"cameraMode":{"drawMode":0,"name":"Shaded","section":"Shading Mode"},"sceneLighting":false,"audioPlay":false,"sceneViewState":{"showFog":true,"showMaterialUpdate":true,"showSkybox":true,"showFlares":true,"showImageEffects":true,"showParticleSystems":true},"in2DMode":false,"pivot":{"x":0.7504638433456421,"y":1.594343662261963,"z":-0.15150152146816255},"rotation":{"x":-0.03293218836188316,"y":-0.23611046373844148,"z":0.008004184812307358,"w":-0.9711350798606873},"size":2.0927693843841554,"orthographic":true}