{"cameraMode":{"drawMode":0,"name":"Shaded","section":"Shading Mode"},"sceneLighting":false,"audioPlay":false,"sceneViewState":{"showFog":false,"showMaterialUpdate":false,"showSkybox":false,"showFlares":false,"showImageEffects":false,"showParticleSystems":false},"in2DMode":false,"pivot":{"x":-365.60186767578127,"y":7.631279945373535,"z":-362.8464660644531},"rotation":{"x":-0.011716954410076142,"y":0.21577368676662446,"z":0.0025894027203321459,"w":0.9763696789741516},"size":3.7947771549224855,"orthographic":false}