{"cameraMode":{"drawMode":0,"name":"Shaded","section":"Shading Mode"},"sceneLighting":false,"audioPlay":false,"sceneViewState":{"showFog":true,"showMaterialUpdate":true,"showSkybox":true,"showFlares":true,"showImageEffects":true,"showParticleSystems":true},"in2DMode":false,"pivot":{"x":-0.51416015625,"y":1.6247833967208863,"z":-0.48613715171813967},"rotation":{"x":0.0627138540148735,"y":0.6465108394622803,"z":-0.053458306938409808,"w":0.7584412097930908},"size":3.743809461593628,"orthographic":true}