{"cameraMode":{"drawMode":0,"name":"Shaded","section":"Shading Mode"},"sceneLighting":false,"audioPlay":false,"sceneViewState":{"showFog":true,"showMaterialUpdate":true,"showSkybox":true,"showFlares":true,"showImageEffects":true,"showParticleSystems":true},"in2DMode":false,"pivot":{"x":-357.9166259765625,"y":9.10448932647705,"z":-352.4384460449219},"rotation":{"x":-0.01796976663172245,"y":-0.05696003884077072,"z":-0.001025385339744389,"w":0.9982142448425293},"size":9.987171173095704,"orthographic":false}