{"cameraMode":{"drawMode":0,"name":"Shaded","section":"Shading Mode"},"sceneLighting":false,"audioPlay":false,"sceneViewState":{"showFog":true,"showMaterialUpdate":true,"showSkybox":true,"showFlares":true,"showImageEffects":true,"showParticleSystems":true},"in2DMode":false,"pivot":{"x":-351.0342102050781,"y":11.354595184326172,"z":-356.87994384765627},"rotation":{"x":0.06069463863968849,"y":-0.5613869428634644,"z":0.041336432099342349,"w":0.8242889642715454},"size":9.737292289733887,"orthographic":false}