{"cameraMode":{"drawMode":0,"name":"Shaded","section":"Shading Mode"},"sceneLighting":false,"audioPlay":false,"sceneViewState":{"showFog":true,"showMaterialUpdate":true,"showSkybox":true,"showFlares":true,"showImageEffects":true,"showParticleSystems":true},"in2DMode":false,"pivot":{"x":-365.6368408203125,"y":8.919977188110352,"z":-361.6255798339844},"rotation":{"x":0.009608750231564045,"y":-0.925971269607544,"z":0.023617394268512727,"w":0.37673214077949526},"size":2.566704273223877,"orthographic":false}